"connectance","modularity","NODF"
0.15625,0.441982148353339,26.0738027404694
0.142045454545455,0.508156355801785,21.1443494776828
0.150568181818182,0.465989535241613,23.2125898792565
0.144886363636364,0.531548168667282,22.1320037986705
0.142045454545455,0.479224376731302,19.8575498575499
0.150568181818182,0.481378885811019,22.4358974358974
0.142045454545455,0.551246537396122,20.1234567901235
0.142045454545455,0.489996922129886,21.1158594491928
0.150568181818182,0.472760849492151,24.9179215845882
0.139204545454545,0.510310864881502,17.2127255460589
0.144886363636364,0.487842413050169,19.696106362773
0.136363636363636,0.510003077870114,18.9553656220323
0.139204545454545,0.522930132348415,17.6828110161443
0.150568181818182,0.497076023391813,25.6132139465473
0.136363636363636,0.545706371191136,19.4634377967711
0.150568181818182,0.49430594028932,23.3760683760684
0.144886363636364,0.482917820867959,21.4814814814815
0.144886363636364,0.51708217913204,21.7331433998101
0.139204545454545,0.482302246845183,19.0123456790123
0.147727272727273,0.523545706371191,24.1547958214625
0.142045454545455,0.496768236380424,22.4074074074074
0.142045454545455,0.522314558325638,21.6381766381766
0.144886363636364,0.494613727300708,18.048433048433
0.144886363636364,0.516158818097876,25.650522317189
0.147727272727273,0.500461680517082,25.1790801790802
0.144886363636364,0.509695290858726,20.2231718898386
0.144886363636364,0.470298553401046,22.7350427350427
0.144886363636364,0.521391197291474,22.3599240265907
0.144886363636364,0.514004309018159,23.5517568850902
0.144886363636364,0.495537088334872,21.0303893637227
0.15625,0.455216989843029,25.2292768959436
0.136363636363636,0.541397353031702,18.3760683760684
0.144886363636364,0.509695290858726,23.5714285714286
0.147727272727273,0.477685441674361,20.3893637226971
0.147727272727273,0.488457987072945,21.5554198887532
0.144886363636364,0.53524161280394,22.6068376068376
0.139204545454545,0.537088334872268,20.8689458689459
0.144886363636364,0.503539550630963,21.0161443494777
0.142045454545455,0.510926438904278,22.326685660019
0.144886363636364,0.507848568790397,22.616334283001
0.136363636363636,0.543551862111419,17.1367521367521
0.144886363636364,0.494613727300708,20.7977207977208
0.144886363636364,0.487842413050169,21.4577397910731
0.147727272727273,0.481686672822407,22.1041921041921
0.136363636363636,0.516774392120652,16.329534662868
0.142045454545455,0.531240381655894,23.6514719848053
0.147727272727273,0.4844567559249,21.4672364672365
0.150568181818182,0.508464142813173,25.4036087369421
0.139204545454545,0.488150200061557,19.6058879392213
0.136363636363636,0.530624807633118,19.1642924976258
0.147727272727273,0.464142813173284,20.6030389363723
0.136363636363636,0.537396121883656,18.1339031339031
0.139204545454545,0.491843644198215,18.2193732193732
0.144886363636364,0.511234225915666,19.5394112060779
0.142045454545455,0.522314558325639,21.0731244064577
0.144886363636364,0.511542012927054,22.312440645774
0.147727272727273,0.498614958448753,22.0702754036087
0.142045454545455,0.50569405971068,18.4900284900285
0.147727272727273,0.507848568790397,25.0949667616334
0.142045454545455,0.534010464758387,17.6685660018993
0.147727272727273,0.502616189596799,23.6324786324786
0.136363636363636,0.548784241305017,20.8072174738841
0.150568181818182,0.473991997537704,26.7222900556234
0.147727272727273,0.48599569098184,22.9677113010446
0.147727272727273,0.512465373961219,24.7198480531814
0.130681818181818,0.517389966143429,15.332383665717
0.139204545454545,0.507848568790397,17.673314339981
0.136363636363636,0.542320714065866,18.6039886039886
0.136363636363636,0.52200677131425,19.7435897435897
0.139204545454545,0.544475223145583,19.9905033238367
0.150568181818182,0.454293628808864,19.7625830959164
0.136363636363636,0.530932594644506,19.2450142450142
0.142045454545455,0.511849799938442,20.03256003256
0.150568181818182,0.460141582025238,24.2497625830959
0.144886363636364,0.494921514312096,21.4346764346764
0.142045454545455,0.516466605109264,22.3171889838557
0.147727272727273,0.464142813173284,21.8945868945869
0.139204545454545,0.532779316712835,22.2602089268756
0.147727272727273,0.513696522006771,22.5641025641026
0.144886363636364,0.523237919359803,20.9781576448243
0.139204545454545,0.521698984302862,20.4463437796771
0.142045454545455,0.517082179132041,20.8736942070275
0.144886363636364,0.502308402585411,22.8110161443495
0.153409090909091,0.481686672822407,26.8959435626102
0.142045454545455,0.539550630963373,22.7872744539411
0.150568181818182,0.460141582025238,23.9078822412156
0.142045454545455,0.509695290858726,23.984533984534
0.144886363636364,0.508771929824561,21.7331433998101
0.142045454545455,0.537088334872268,20.4036087369421
0.144886363636364,0.487226839027393,21.6951566951567
0.133522727272727,0.55801785164666,16.2155745489079
0.142045454545455,0.523545706371191,19.639126305793
0.147727272727273,0.496460449369037,21.661918328585
0.142045454545455,0.476454293628809,19.9145299145299
0.139204545454545,0.570329332102185,19.2402659069326
0.130681818181818,0.55309325946445,16.5242165242165
0.142045454545455,0.526008002462296,25.6600189933523
0.139204545454545,0.50415512465374,20.5840455840456
0.133522727272727,0.534933825792551,19.7293447293447
0.144886363636364,0.505078485687904,21.8186134852801
0.139204545454545,0.524161280393967,19.7435897435897
0.144886363636364,0.48938134810711,22.8252611585945
0.150568181818182,0.487842413050169,27.2256138922806
0.142045454545455,0.498307171437365,19.5821462488129
0.136363636363636,0.54016620498615,20.7454890788224
0.147727272727273,0.484764542936288,20.9734093067426
0.139204545454545,0.529701446598953,21.372269705603
0.122159090909091,0.579870729455217,16.3817663817664
0.142045454545455,0.524161280393967,23.2146248812916
0.144886363636364,0.499538319482918,24.010989010989
0.144886363636364,0.48938134810711,25.4510921177588
0.142045454545455,0.505078485687904,21.011396011396
0.139204545454545,0.5155432440751,19.6438746438746
0.144886363636364,0.516774392120652,19.8955365622032
0.142045454545455,0.542936288088643,18.6324786324786
0.147727272727273,0.505386272699292,21.4862298195631
0.150568181818182,0.496460449369037,24.4220594220594
0.147727272727273,0.495229301323484,21.7568850902184
0.144886363636364,0.526008002462296,23.3428300094967
0.147727272727273,0.498307171437365,21.6381766381766
0.136363636363636,0.521391197291474,17.5641025641026
0.136363636363636,0.584487534626039,19.1975308641975
0.144886363636364,0.493074792243767,19.8528015194682
0.150568181818182,0.488457987072945,24.5489078822412
0.150568181818182,0.514004309018159,26.6327499660833
0.139204545454545,0.500153893505694,17.6353276353276
0.147727272727273,0.51708217913204,22.9344729344729
0.147727272727273,0.463527239150508,22.1984805318139
0.147727272727273,0.481686672822407,19.8480531813865
0.147727272727273,0.530624807633118,25.5392755392755
0.136363636363636,0.534933825792551,20.3228869895537
0.142045454545455,0.514619883040936,22.7540360873694
0.136363636363636,0.514619883040936,15.954415954416
0.144886363636364,0.494921514312096,25.3086419753086
0.144886363636364,0.469067405355494,22.3504273504274
0.147727272727273,0.466912896275777,23.4567901234568
0.144886363636364,0.484764542936288,21.5052231718898
0.144886363636364,0.504462911665128,23.1244064577398
0.136363636363636,0.515235457063712,16.965811965812
0.139204545454545,0.530009233610342,18.5090218423552
0.139204545454545,0.498922745460141,18.366571699905
0.136363636363636,0.545706371191136,21.1490978157645
0.139204545454545,0.557094490612496,17.2412155745489
0.139204545454545,0.506925207756232,21.9278252611586
0.144886363636364,0.485687903970452,19.7388414055081
0.147727272727273,0.504462911665128,19.8812915479582
0.139204545454545,0.5466297322253,19.1832858499525
0.144886363636364,0.460449369036627,21.6524216524217
0.150568181818182,0.466912896275777,23.945868945869
0.142045454545455,0.527546937519237,25.4097137430471
0.150568181818182,0.502308402585411,27.2079772079772
0.136363636363636,0.531240381655894,20.9306742640076
0.142045454545455,0.491535857186827,19.4444444444444
0.144886363636364,0.530932594644506,23.5897435897436
0.150568181818182,0.493382579255155,22.3314339981007
0.144886363636364,0.525084641428132,22.9677113010446
0.142045454545455,0.521083410280086,22.9012345679012
0.147727272727273,0.499846106494306,24.8622981956315
0.139204545454545,0.526008002462296,17.9439696106363
0.142045454545455,0.529393659587565,20.7977207977208
0.139204545454545,0.498307171437365,17.008547008547
0.153409090909091,0.480455524776854,21.7521367521368
0.144886363636364,0.47953216374269,19.5204178537512
0.144886363636364,0.49092028316405,21.5669515669516
0.142045454545455,0.51061865189289,19.667616334283
0.142045454545455,0.497383810403201,19.7245963912631
0.133522727272727,0.545398584179748,18.5754985754986
0.150568181818182,0.473684210526316,24.8860398860399
0.136363636363636,0.50569405971068,17.7635327635328
0.142045454545455,0.539858417974761,18.034188034188
0.147727272727273,0.49092028316405,24.6153846153846
0.150568181818182,0.450907971683595,23.5992402659069
0.136363636363636,0.517082179132041,17.298195631529
0.139204545454545,0.525700215450908,18.7369420702754
0.144886363636364,0.522930132348415,23.4235517568851
0.136363636363636,0.493998153277932,17.7777777777778
0.150568181818182,0.491843644198215,23.4283000949668
0.136363636363636,0.514312096029547,17.9012345679012
0.139204545454545,0.537088334872268,18.4710351377018
0.147727272727273,0.50569405971068,21.1016144349478
0.130681818181818,0.539858417974761,15.1187084520418
0.144886363636364,0.467528470298553,20.2706552706553
0.139204545454545,0.5155432440751,17.7682811016144
0.139204545454545,0.500153893505694,18.7321937321937
0.153409090909091,0.46814404432133,25.636277302944
0.142045454545455,0.511542012927054,17.9249762583096
0.147727272727273,0.485687903970452,22.1333604666938
0.144886363636364,0.488457987072945,19.624881291548
0.150568181818182,0.461372730070791,22.383665716999
0.147727272727273,0.489073561095722,22.1652421652422
0.147727272727273,0.484148968913512,24.5441595441595
0.136363636363636,0.536164973838104,18.698955365622
0.144886363636364,0.46814404432133,21.661918328585
0.139204545454545,0.512773160972607,18.1671415004748
0.150568181818182,0.472145275469375,23.5788902455569
0.133522727272727,0.547860880270852,17.6210826210826
0.142045454545455,0.522314558325639,20.6077872744539
0.147727272727273,0.470606340412434,23.29534662868
0.144886363636364,0.53031702062173,22.6970560303894
0.153409090909091,0.473376423514928,25.6600189933523
0.142045454545455,0.499538319482918,20.014245014245
0.136363636363636,0.503539550630963,17.5308641975309
0.150568181818182,0.473376423514927,24.3813593813594
0.147727272727273,0.4844567559249,20.8452041785375
0.142045454545455,0.53185595567867,20.4510921177588
0.130681818181818,0.562019082794706,18.974358974359
0.147727272727273,0.493998153277932,23.8610771944105
0.142045454545455,0.505078485687904,21.2060778727445
0.144886363636364,0.508156355801785,19.985754985755
0.144886363636364,0.514312096029547,22.1604938271605
0.139204545454545,0.519236688211757,18.0626780626781
0.144886363636364,0.495229301323484,18.9363722697056
0.147727272727273,0.50076946752847,23.5042735042735
0.147727272727273,0.505386272699292,21.9753086419753
0.136363636363636,0.546014158202524,17.9012345679012
0.147727272727273,0.497076023391813,23.0721747388414
0.153409090909091,0.470606340412434,27.4169040835708
0.142045454545455,0.526008002462296,22.3361823361823
0.136363636363636,0.553093259464451,17.7777777777778
0.147727272727273,0.489996922129886,23.5185185185185
0.133522727272727,0.528778085564789,17.1842355175689
0.139204545454545,0.506309633733456,20.5698005698006
0.133522727272727,0.510003077870114,16.9088319088319
0.142045454545455,0.549399815327793,20.1139601139601
0.139204545454545,0.506001846722068,17.8205128205128
0.142045454545455,0.531548168667282,20.6410256410256
0.147727272727273,0.460449369036626,20.2136752136752
0.142045454545455,0.518621114188981,21.386514719848
0.150568181818182,0.484148968913512,21.6910866910867
0.147727272727273,0.500153893505694,23.7986704653371
0.142045454545455,0.485380116959064,20.7739791073124
0.142045454545455,0.537088334872268,23.1115181115181
0.147727272727273,0.487226839027393,23.6942070275404
0.142045454545455,0.535857186826716,22.5451092117759
0.144886363636364,0.50076946752847,21.5527065527066
0.144886363636364,0.464142813173284,19.2545109211776
0.142045454545455,0.480455524776854,20.8167141500475
0.142045454545455,0.507540781779009,20.0569800569801
0.139204545454545,0.538011695906433,19.2402659069326
0.144886363636364,0.497691597414589,23.8095238095238
0.147727272727273,0.486611265004617,23.005698005698
0.144886363636364,0.478301015697137,19.9287749287749
0.144886363636364,0.519236688211758,21.690408357075
0.144886363636364,0.498614958448753,17.1272554605888
0.130681818181818,0.553708833487227,15.9496676163343
0.139204545454545,0.534933825792552,16.9468186134853
0.144886363636364,0.52200677131425,21.2393162393162
0.144886363636364,0.508771929824561,20.5698005698006
0.147727272727273,0.480763311788242,20.5460588793922
0.142045454545455,0.502923976608187,19.6723646723647
0.136363636363636,0.501692828562635,17.948717948718
0.147727272727273,0.489073561095722,20.7739791073124
0.142045454545455,0.50415512465374,18.978428978429
0.15625,0.457679285934133,27.6767060100393
0.136363636363636,0.560787934749153,20.1994301994302
0.144886363636364,0.489689135118498,21.8186134852802
0.142045454545455,0.519852262234534,21.6666666666667
0.147727272727273,0.496460449369037,22.1842355175689
0.142045454545455,0.521083410280086,22.2602089268756
0.144886363636364,0.477377654662973,19.7008547008547
0.142045454545455,0.51215758694983,18.7606837606838
0.144886363636364,0.506617420744844,21.3105413105413
0.139204545454545,0.486611265004617,17.8584995251662
0.142045454545455,0.539550630963373,19.8100664767331
0.147727272727273,0.488765774084334,20.6172839506173
0.142045454545455,0.516466605109264,21.1490978157645
0.153409090909091,0.478608802708526,26.1063627730294
0.147727272727273,0.511234225915666,24.377967711301
0.144886363636364,0.508156355801785,19.3827160493827
0.144886363636364,0.513388734995383,19.9240265906933
0.142045454545455,0.512157586949831,19.4444444444444
0.142045454545455,0.504462911665128,20.0854700854701
0.142045454545455,0.497076023391813,18.9933523266857
0.144886363636364,0.499846106494306,20.1139601139601
0.144886363636364,0.501077254539858,20.4985754985755
0.133522727272727,0.539550630963373,17.3219373219373
0.142045454545455,0.486303477993229,17.4026590693257
0.142045454545455,0.504155124653739,20.636277302944
0.139204545454545,0.502308402585411,20.4131054131054
0.147727272727273,0.504770698676516,24.8385565052232
0.142045454545455,0.543551862111419,19.4064577397911
0.142045454545455,0.505386272699292,17.7255460588794
0.142045454545455,0.5155432440751,22.5973409306743
0.147727272727273,0.480147737765466,22.8822412155745
0.150568181818182,0.47460757156048,25.1519468186135
0.142045454545455,0.518313327177593,22.2364672364672
0.139204545454545,0.513388734995383,18.7321937321937
0.147727272727273,0.480763311788242,22.6258309591643
0.147727272727273,0.466912896275777,19.5631528964862
0.136363636363636,0.53185595567867,19.1880341880342
0.142045454545455,0.491535857186827,18.4425451092118
0.144886363636364,0.48938134810711,21.2060778727445
0.147727272727273,0.48938134810711,23.3713200379867
0.144886363636364,0.508771929824561,22.5532492199159
0.147727272727273,0.528162511542013,25.8533441866775
0.144886363636364,0.514312096029548,20.7834757834758
0.144886363636364,0.527239150507849,18.9648622981956
0.144886363636364,0.46475838719606,18.4520417853751
0.150568181818182,0.494613727300708,21.1443494776828
0.147727272727273,0.53031702062173,23.2716049382716
0.147727272727273,0.461680517082179,22.8917378917379
0.139204545454545,0.513388734995383,18.9363722697056
0.144886363636364,0.494613727300708,21.5004748338082
0.142045454545455,0.532779316712835,22.8822412155745
0.142045454545455,0.509387503847337,22.2839506172839
0.139204545454545,0.516774392120653,18.5042735042735
0.139204545454545,0.526623576485072,19.1500474833808
0.136363636363636,0.524161280393967,20.9116809116809
0.144886363636364,0.485380116959064,17.977207977208
0.139204545454545,0.542320714065866,17.8774928774929
0.147727272727273,0.472453062480763,23.019943019943
0.147727272727273,0.502000615574023,22.3599240265907
0.147727272727273,0.493074792243767,25.1804368471035
0.144886363636364,0.47306863650354,22.9819563152897
0.136363636363636,0.52539242843952,19.3399810066477
0.139204545454545,0.503539550630963,20.4890788224122
0.147727272727273,0.508156355801785,20.6172839506173
0.144886363636364,0.486303477993229,15.6837606837607
0.150568181818182,0.497691597414589,25.8479175145842
0.150568181818182,0.507848568790397,23.7661104327771
0.147727272727273,0.478916589719914,21.9040835707502
0.136363636363636,0.549399815327793,19.5773979107312
0.144886363636364,0.493074792243767,24.4729344729345
0.144886363636364,0.476146506617421,19.1405508072175
0.139204545454545,0.503231763619575,18.713200379867
0.153409090909091,0.466912896275777,24.7707231040564
0.139204545454545,0.528470298553401,21.61918328585
0.147727272727273,0.488765774084334,22.3456790123457
0.153409090909091,0.461988304093567,23.2288698955366
0.150568181818182,0.482610033856571,20.4890788224122
0.150568181818182,0.468451831332718,20.5603038936372
0.139204545454545,0.514927670052324,20.636277302944
0.142045454545455,0.558325638658049,23.0389363722697
0.139204545454545,0.522314558325639,19.8338081671415
0.147727272727273,0.47953216374269,22.6258309591643
0.133522727272727,0.534933825792551,17.5451092117759
0.144886363636364,0.487534626038781,22.0037986704653
0.139204545454545,0.51061865189289,19.0978157644824
0.144886363636364,0.486919052016005,19.6913580246914
0.142045454545455,0.538935056940597,23.2098765432099
0.136363636363636,0.510310864881502,20.5175688509022
0.147727272727273,0.488457987072945,25.02849002849
0.144886363636364,0.505078485687904,22.6970560303894
0.139204545454545,0.508156355801785,18.4900284900285
0.147727272727273,0.481378885811019,20.3988603988604
0.136363636363636,0.547860880270852,23.2668566001899
0.153409090909091,0.45983379501385,25.0929317595984
0.142045454545455,0.509387503847338,21.386514719848
0.153409090909091,0.487842413050169,26.1348528015195
0.139204545454545,0.534010464758387,18.048433048433
0.147727272727273,0.503847337642351,20.7834757834758
0.144886363636364,0.474299784549092,21.4624881291548
0.144886363636364,0.497691597414589,23.8983855650522
0.142045454545455,0.516158818097876,18.5042735042735
0.147727272727273,0.48938134810711,19.5963912630579
0.144886363636364,0.497076023391813,24.4349477682811
0.142045454545455,0.470298553401046,19.3162393162393
0.139204545454545,0.492459218220991,16.2773029439696
0.139204545454545,0.5155432440751,18.0721747388414
0.139204545454545,0.508156355801785,19.377967711301
0.150568181818182,0.492767005232379,24.8677248677249
0.144886363636364,0.49430594028932,21.7283950617284
0.139204545454545,0.532163742690059,20.4985754985755
0.136363636363636,0.5466297322253,19.4017094017094
0.136363636363636,0.52046783625731,19.6106362773029
0.144886363636364,0.508771929824561,23.7749287749288
0.144886363636364,0.493074792243767,21.5527065527065
0.150568181818182,0.473991997537704,21.0921177587844
0.142045454545455,0.500153893505694,21.5052231718898
0.150568181818182,0.491535857186827,24.377967711301
0.139204545454545,0.533087103724223,19.1642924976258
0.139204545454545,0.517697753154817,21.2488129154796
0.133522727272727,0.569098184056633,17.369420702754
0.139204545454545,0.50076946752847,18.5137701804369
0.144886363636364,0.509079716835949,19.5109211775878
0.144886363636364,0.481686672822407,22.2222222222222
0.139204545454545,0.507232994767621,19.3874643874644
0.144886363636364,0.519852262234534,23.3760683760684
0.150568181818182,0.503539550630963,22.9005562338896
0.147727272727273,0.504770698676516,24.3901777235111
0.136363636363636,0.559864573714989,18.4472934472934
0.144886363636364,0.491843644198215,21.3532763532764
0.153409090909091,0.527854724530625,27.3253289919957
0.150568181818182,0.464450600184672,24.2341609008276
0.142045454545455,0.515235457063712,18.9933523266857
0.139204545454545,0.508156355801785,19.681861348528
0.144886363636364,0.514619883040936,19.9050332383666
0.147727272727273,0.472453062480763,22.1462488129155
0.147727272727273,0.477377654662973,21.718898385565
0.153409090909091,0.471837488457987,22.948717948718
0.139204545454545,0.469990766389658,16.1253561253561
0.144886363636364,0.493998153277932,22.5735992402659
0.136363636363636,0.48938134810711,17.9962013295347
0.139204545454545,0.506309633733456,20.2041785375119
0.144886363636364,0.493690366266543,20.9876543209877
0.144886363636364,0.512773160972607,20.7644824311491
0.142045454545455,0.528470298553401,22.7397910731244
0.150568181818182,0.478301015697137,23.6799620132953
0.139204545454545,0.518005540166205,21.9088319088319
0.147727272727273,0.486919052016005,24.6587979921313
0.139204545454545,0.512465373961219,19.7388414055081
0.142045454545455,0.527854724530625,18.2241215574549
0.147727272727273,0.493074792243767,25.1906118572785
0.136363636363636,0.543244075100031,17.0512820512821
0.142045454545455,0.504770698676516,20.9734093067426
0.147727272727273,0.478916589719914,21.6049382716049
0.139204545454545,0.498307171437365,16.4482431149098
0.142045454545455,0.554324407510003,22.7207977207977
0.147727272727273,0.470298553401046,22.4928774928775
0.142045454545455,0.528162511542013,21.3247863247863
0.142045454545455,0.502308402585411,20.8024691358025
0.139204545454545,0.535241612803939,18.1101614434948
0.153409090909091,0.469990766389658,26.5343915343915
0.150568181818182,0.471837488457987,23.2193732193732
0.147727272727273,0.506001846722068,21.4577397910731
0.144886363636364,0.499846106494306,25.4449871116538
0.147727272727273,0.499538319482918,22.4074074074074
0.142045454545455,0.521391197291474,19.97150997151
0.153409090909091,0.496152662357648,26.011396011396
0.150568181818182,0.471221914435211,21.994301994302
0.144886363636364,0.476454293628809,19.7863247863248
0.139204545454545,0.514927670052324,18.4805318138652
0.142045454545455,0.50076946752847,20.6030389363723
0.144886363636364,0.506617420744845,20.9021842355176
0.136363636363636,0.538935056940597,19.5299145299145
0.147727272727273,0.515851031086488,22.1462488129155
0.139204545454545,0.521698984302862,18.9031339031339
0.133522727272727,0.559248999692213,18.960113960114
0.153409090909091,0.45829485995691,25.5114638447972
0.144886363636364,0.50569405971068,23.6229819563153
0.150568181818182,0.462296091104955,24.6201329534663
0.144886363636364,0.476762080640197,19.5299145299145
0.144886363636364,0.502616189596799,20.8452041785375
0.144886363636364,0.483533394890736,23.4221950888618
0.150568181818182,0.472760849492151,23.5849952516619
0.142045454545455,0.485072329947676,17.355175688509
0.147727272727273,0.480763311788242,22.644824311491
0.142045454545455,0.491228070175439,19.9952516619183
0.150568181818182,0.493382579255155,23.1623931623932
0.150568181818182,0.47306863650354,22.2317188983856
0.136363636363636,0.534626038781163,17.4026590693257
0.136363636363636,0.52046783625731,17.4691358024691
0.142045454545455,0.518928901200369,21.8186134852802
0.147727272727273,0.468759618344106,23.3760683760684
0.144886363636364,0.505386272699292,20.8214624881292
0.150568181818182,0.4844567559249,24.0408357075024
0.147727272727273,0.508464142813173,22.0797720797721
0.139204545454545,0.526008002462296,20.0997150997151
0.153409090909091,0.463835026161896,26.315289648623
0.150568181818182,0.470298553401046,25.2048568715235
0.136363636363636,0.508771929824561,17.5261158594492
0.147727272727273,0.469375192366882,22.2079772079772
0.153409090909091,0.456755924899969,21.8199701533035
0.136363636363636,0.503231763619575,17.6638176638177
0.136363636363636,0.528470298553401,19.2830009496676
0.142045454545455,0.481994459833795,20.7502374169041
0.144886363636364,0.48599569098184,20.1092117758784
0.144886363636364,0.454293628808864,18.8461538461539
0.144886363636364,0.508771929824561,23.7844254510921
0.150568181818182,0.495537088334872,24.7863247863248
0.139204545454545,0.535241612803939,18.281101614435
0.150568181818182,0.481378885811019,25.6742640075973
0.150568181818182,0.491535857186827,24.4817528150861
0.147727272727273,0.50076946752847,24.2260208926876
0.150568181818182,0.485072329947676,25.2136752136752
0.139204545454545,0.535857186826716,19.4207027540361
0.139204545454545,0.515851031086488,22.5641025641026
0.142045454545455,0.524161280393967,23.4235517568851
0.144886363636364,0.500153893505694,22.644824311491
0.139204545454545,0.502308402585411,19.335232668566
0.147727272727273,0.519852262234534,23.8509021842355
0.144886363636364,0.506617420744844,26.4007597340931
0.147727272727273,0.481994459833795,23.0721747388414
0.139204545454545,0.518005540166205,22.2792022792023
0.144886363636364,0.52693136349646,23.5612535612536
0.133522727272727,0.569713758079409,17.1699905033238
0.144886363636364,0.476454293628809,19.5536562203229
0.153409090909091,0.503539550630963,23.4377967711301
0.142045454545455,0.526315789473684,20.5989689323023
0.139204545454545,0.524469067405355,18.9696106362773
0.150568181818182,0.493074792243767,23.4615384615385
0.142045454545455,0.507540781779009,23.7511870845204
0.150568181818182,0.487226839027393,24.9762583095916
0.142045454545455,0.502308402585411,20.042735042735
0.142045454545455,0.491228070175438,18.6372269705603
0.144886363636364,0.523545706371191,22.4169040835708
0.130681818181818,0.57617728531856,19.6058879392213
0.142045454545455,0.521083410280086,21.70465337132
0.144886363636364,0.514927670052324,22.3836657169991
0.150568181818182,0.518005540166205,25.2659069325736
0.127840909090909,0.549092028316405,16.2393162393162
0.144886363636364,0.472760849492151,22.3789173789174
0.150568181818182,0.481071098799631,22.5356125356125
0.147727272727273,0.498922745460141,25.2849002849003
0.150568181818182,0.494613727300708,24.6296296296296
0.144886363636364,0.485687903970452,22.6258309591643
0.144886363636364,0.502923976608187,22.6258309591643
0.153409090909091,0.441058787319175,23.8461538461538
0.136363636363636,0.539550630963373,16.4624881291548
0.147727272727273,0.475530932594644,21.9848053181387
0.144886363636364,0.491535857186827,21.5147198480532
0.133522727272727,0.540781779008926,16.0541310541311
0.142045454545455,0.496152662357649,16.5289648622982
0.139204545454545,0.527239150507849,19.7815764482431
0.147727272727273,0.503539550630963,22.5512142178809
0.153409090909091,0.47306863650354,23.2905982905983
0.144886363636364,0.520160049245922,20.982905982906
0.144886363636364,0.518005540166205,21.7521367521367
0.144886363636364,0.489073561095722,21.1585944919278
0.139204545454545,0.528470298553401,17.8062678062678
0.142045454545455,0.50569405971068,20.4320987654321
0.139204545454545,0.553401046475839,19.1595441595442
0.15625,0.457987072945522,27.2140822140822
0.144886363636364,0.489689135118498,20.8262108262108
0.144886363636364,0.492151431209603,21.994301994302
0.136363636363636,0.559864573714989,20.2469135802469
0.147727272727273,0.501385041551246,24.4064577397911
0.147727272727273,0.460141582025238,23.1861348528015
0.144886363636364,0.495229301323484,22.6638176638177
0.144886363636364,0.526008002462296,20.2991452991453
0.136363636363636,0.545706371191136,18.8081671415005
0.139204545454545,0.523545706371191,19.5109211775878
0.153409090909091,0.482610033856571,22.2235788902456
0.144886363636364,0.485687903970452,21.7188983855651
0.144886363636364,0.489996922129886,23.4615384615385
0.150568181818182,0.484148968913512,22.5213675213675
0.142045454545455,0.509695290858726,21.7663817663818
0.150568181818182,0.482302246845183,26.5350698684032
0.144886363636364,0.485687903970452,21.9753086419753
0.139204545454545,0.540473991997538,19.6343779677113
0.139204545454545,0.526623576485072,20.9496676163343
0.142045454545455,0.525700215450908,21.7663817663818
0.133522727272727,0.526008002462296,21.9088319088319
0.147727272727273,0.498307171437365,22.4976258309592
0.142045454545455,0.506001846722068,20.5603038936372
0.136363636363636,0.52046783625731,17.4406457739791
0.139204545454545,0.508156355801785,16.7378917378917
0.130681818181818,0.533394890735611,19.349477682811
0.144886363636364,0.468451831332718,19.8148148148148
0.136363636363636,0.533702677746999,19.2877492877493
0.144886363636364,0.489689135118498,23.32383665717
0.144886363636364,0.484764542936288,17.8490028490029
0.142045454545455,0.521698984302862,20.0617283950617
0.144886363636364,0.503231763619575,20.6030389363723
0.142045454545455,0.485380116959064,20.1139601139601
0.139204545454545,0.504770698676516,15.622032288699
0.136363636363636,0.501077254539858,18.3285849952517
0.144886363636364,0.533702677746999,23.5754985754986
0.144886363636364,0.498922745460142,20.3561253561254
0.136363636363636,0.530624807633118,21.0636277302944
0.144886363636364,0.501385041551246,23.5042735042735
0.136363636363636,0.521391197291474,20.0807217473884
0.147727272727273,0.488765774084334,22.9392212725546
0.139204545454545,0.509387503847338,18.4852801519468
0.136363636363636,0.5777162203755,15.2374169040836
0.133522727272727,0.537396121883656,17.1177587844255
0.142045454545455,0.510310864881502,21.965811965812
0.139204545454545,0.523545706371191,16.9420702754036
0.144886363636364,0.500461680517082,18.4852801519468
0.142045454545455,0.481071098799631,19.7435897435897
0.139204545454545,0.523853493382579,18.8746438746439
0.130681818181818,0.549092028316405,14.6866096866097
0.150568181818182,0.478608802708526,22.7635327635328
0.147727272727273,0.475838719606032,22.7302943969611
0.139204545454545,0.512465373961219,20.7454890788224
0.144886363636364,0.493998153277932,20.5128205128205
0.139204545454545,0.510003077870114,20.0997150997151
0.147727272727273,0.500153893505694,20.7549857549858
0.144886363636364,0.484764542936288,18.309591642925
0.144886363636364,0.512157586949831,21.8043684710351
0.147727272727273,0.488457987072945,24.6723646723647
0.147727272727273,0.496152662357649,21.8328584995252
0.147727272727273,0.46814404432133,23.8224121557455
0.150568181818182,0.485687903970452,25.0678334011667
0.150568181818182,0.483533394890735,24.4491927825261
0.147727272727273,0.469990766389658,22.0797720797721
0.147727272727273,0.491843644198215,22.7302943969611
0.144886363636364,0.486611265004617,19.9097815764482
0.142045454545455,0.521083410280086,19.0550807217474
0.142045454545455,0.536164973838104,23.8970288970289
0.127840909090909,0.542012927054478,15.1282051282051
0.150568181818182,0.45983379501385,21.7141500474834
0.144886363636364,0.493998153277932,20.3703703703704
0.133522727272727,0.525700215450908,18.8603988603989
0.136363636363636,0.523545706371191,19.1168091168091
0.147727272727273,0.487842413050169,22.5213675213675
0.153409090909091,0.450292397660819,24.4695428028761
0.133522727272727,0.556171129578332,18.7511870845204
0.136363636363636,0.562019082794706,18.3048433048433
0.147727272727273,0.543244075100031,23.4710351377018
0.139204545454545,0.510926438904278,19.377967711301
0.142045454545455,0.530932594644506,20.1329534662868
0.142045454545455,0.511234225915666,20.014245014245
0.142045454545455,0.523853493382579,21.3627730294397
0.139204545454545,0.521083410280086,19.6438746438746
0.136363636363636,0.526623576485072,20.1187084520418
0.144886363636364,0.508464142813173,21.1158594491928
0.142045454545455,0.504462911665128,20.6885090218424
0.144886363636364,0.512773160972607,22.1082621082621
0.133522727272727,0.542936288088642,17.3979107312441
0.142045454545455,0.481686672822407,19.7578347578348
0.139204545454545,0.513696522006771,19.3542260208927
0.139204545454545,0.480763311788242,19.3874643874644
0.139204545454545,0.508156355801785,18.5754985754986
0.150568181818182,0.465681748230225,23.9268755935423
0.147727272727273,0.476454293628809,22.5451092117759
0.139204545454545,0.494921514312096,21.0826210826211
0.150568181818182,0.477685441674361,24.9138515805182
0.144886363636364,0.532779316712835,25.1173517840185
0.139204545454545,0.532471529701447,20.8547008547009
0.144886363636364,0.506925207756233,22.5308641975309
0.153409090909091,0.469990766389658,22.8632478632479
0.139204545454545,0.483225607879347,17.7872744539411
0.147727272727273,0.473684210526316,21.0351377018044
0.142045454545455,0.506617420744845,20.2136752136752
0.144886363636364,0.471221914435211,20.9639126305793
0.136363636363636,0.511849799938442,16.8708452041785
0.136363636363636,0.534933825792551,23.1813865147199
0.150568181818182,0.468451831332718,25.354768688102
0.136363636363636,0.513388734995383,18.7606837606838
0.139204545454545,0.513696522006771,20.5175688509022
0.139204545454545,0.543244075100031,20.8214624881292
0.142045454545455,0.499846106494306,23.656220322887
0.142045454545455,0.478916589719914,17.7255460588794
0.139204545454545,0.547860880270852,22.4881291547958
0.142045454545455,0.518005540166205,19.8290598290598
0.142045454545455,0.521391197291474,17.7302943969611
0.142045454545455,0.513388734995383,15.8641975308642
0.136363636363636,0.575869498307171,23.4045584045584
0.133522727272727,0.55155432440751,20.4510921177588
0.133522727272727,0.567251461988304,18.6514719848053
0.139204545454545,0.504770698676516,19.1880341880342
0.147727272727273,0.480455524776855,23.988603988604
0.147727272727273,0.492459218220991,22.977207977208
0.150568181818182,0.445675592489997,25.5413105413105
0.136363636363636,0.551862111418898,18.2811016144349
0.147727272727273,0.479839950754078,23.6752136752137
0.142045454545455,0.530624807633118,21.2773029439696
0.144886363636364,0.510926438904278,21.7853751187085
0.147727272727273,0.491228070175438,22.7872744539411
0.144886363636364,0.510003077870114,22.634649301316
0.147727272727273,0.480455524776854,23.6229819563153
0.142045454545455,0.530932594644506,21.1823361823362
0.150568181818182,0.499538319482918,24.5109211775878
0.142045454545455,0.518313327177593,20.3276353276353
0.142045454545455,0.495537088334872,22.7113010446344
0.147727272727273,0.496768236380425,22.0132953466287
0.147727272727273,0.490612496152662,24.1785375118708
0.144886363636364,0.534626038781163,22.1320037986705
0.153409090909091,0.451523545706371,26.70465337132
0.142045454545455,0.509387503847338,23.8366571699905
0.144886363636364,0.478916589719914,20.5413105413105
0.142045454545455,0.493074792243767,18.9696106362773
0.147727272727273,0.486919052016005,23.38081671415
0.139204545454545,0.512465373961219,19.7578347578348
0.142045454545455,0.51061865189289,20.7454890788224
0.139204545454545,0.542320714065866,19.8717948717949
0.142045454545455,0.514619883040935,21.5004748338082
0.142045454545455,0.498922745460141,17.4881291547958
0.150568181818182,0.493074792243767,23.7274453941121
0.150568181818182,0.469375192366882,23.0579297245964
0.139204545454545,0.523545706371191,18.7844254510921
0.139204545454545,0.525084641428132,20.0474833808167
0.139204545454545,0.518005540166205,21.6714150047483
0.133522727272727,0.562019082794706,19.8670465337132
0.147727272727273,0.489996922129886,22.8252611585945
0.144886363636364,0.489689135118498,22.5593542260209
0.139204545454545,0.529085872576177,17.8537511870845
0.144886363636364,0.512465373961219,22.0560303893637
0.142045454545455,0.526008002462296,23.2675349342016
0.142045454545455,0.480763311788242,19.5014245014245
0.139204545454545,0.494613727300708,19.2735042735043
0.144886363636364,0.497999384425977,25.4070004070004
0.127840909090909,0.589719913819637,16.951566951567
0.147727272727273,0.477685441674361,22.2886989553656
0.139204545454545,0.540781779008926,19.1547958214625
0.159090909090909,0.457679285934133,26.386514719848
0.144886363636364,0.488765774084334,20.4985754985755
0.139204545454545,0.535549399815328,22.037037037037
0.147727272727273,0.502923976608187,23.8583638583639
0.144886363636364,0.495537088334872,22.4453941120608
0.139204545454545,0.56140350877193,18.3570750237417
0.144886363636364,0.529393659587565,21.0921177587844
0.153409090909091,0.491843644198215,24.977614977615
0.150568181818182,0.479839950754078,25.6681590014923
0.130681818181818,0.578024007386888,18.0436847103514
0.150568181818182,0.456448137888581,22.669244335911
0.150568181818182,0.471221914435211,25.2279202279202
0.144886363636364,0.489073561095722,19.9762583095916
0.142045454545455,0.481994459833795,18.6229819563153
0.144886363636364,0.496152662357648,18.5802469135802
0.144886363636364,0.532779316712835,23.35232668566
0.142045454545455,0.508464142813173,21.3865147198481
0.136363636363636,0.535241612803939,18.35232668566
0.136363636363636,0.554016620498615,18.1861348528015
0.144886363636364,0.491228070175438,22.5498575498576
0.144886363636364,0.497383810403201,23.1386514719848
0.150568181818182,0.489996922129886,26.2203228869895
0.150568181818182,0.460141582025238,23.7118437118437
0.144886363636364,0.515235457063712,21.7283950617284
0.147727272727273,0.490304709141274,20.7264957264957
0.136363636363636,0.518313327177593,15.5792972459639
0.147727272727273,0.47953216374269,25.3703703703704
0.144886363636364,0.459218220991074,18.9031339031339
0.144886363636364,0.478608802708526,22.0560303893637
0.147727272727273,0.497076023391813,23.3048433048433
0.139204545454545,0.537703908895044,17.5118708452042
0.130681818181818,0.523545706371191,16.9705603038936
0.139204545454545,0.532471529701446,20.6600189933523
0.147727272727273,0.490304709141274,24.0727174060507
0.142045454545455,0.551862111418898,21.6286799620133
0.139204545454545,0.536164973838104,21.8328584995252
0.142045454545455,0.529393659587565,22.5783475783476
0.142045454545455,0.529393659587565,23.4377967711301
0.142045454545455,0.519544475223145,22.8584995251662
0.139204545454545,0.514927670052324,19.1358024691358
0.144886363636364,0.519852262234534,18.5137701804369
0.144886363636364,0.504462911665128,19.639126305793
0.147727272727273,0.473684210526316,21.9895536562203
0.144886363636364,0.476454293628809,21.9088319088319
0.144886363636364,0.506309633733456,22.8205128205128
0.139204545454545,0.488765774084333,19.7863247863248
0.144886363636364,0.49923053247153,23.5849952516619
0.150568181818182,0.481378885811019,24.7008547008547
0.142045454545455,0.501077254539858,19.8812915479582
0.144886363636364,0.508464142813173,21.4672364672365
0.144886363636364,0.497383810403201,24.5251661918329
0.139204545454545,0.52046783625731,18.4140550807217
0.144886363636364,0.523237919359803,24.1595441595442
0.147727272727273,0.47460757156048,20.3846153846154
0.147727272727273,0.505078485687904,25.0379867046534
0.147727272727273,0.48599569098184,22.0750237416904
0.150568181818182,0.469067405355494,23.1420431420431
0.150568181818182,0.479224376731302,23.7274453941121
0.150568181818182,0.469067405355494,24.0075973409307
0.147727272727273,0.475530932594644,22.8300094966762
0.133522727272727,0.542320714065866,19.0550807217474
0.144886363636364,0.483225607879347,18.2858499525166
0.142045454545455,0.479224376731302,20.3893637226971
0.153409090909091,0.469067405355494,25.8723375390042
0.139204545454545,0.517697753154817,20.4083570750237
0.144886363636364,0.524469067405355,22.9249762583096
0.144886363636364,0.518928901200369,22.8157644824312
0.147727272727273,0.521083410280086,20.9354226020893
0.139204545454545,0.544783010156971,19.6581196581197
0.144886363636364,0.506001846722068,21.4150047483381
0.150568181818182,0.474299784549092,25.1519468186135
0.153409090909091,0.462296091104955,26.5560982227649
0.150568181818182,0.464142813173284,22.9188712522046
0.147727272727273,0.497999384425977,23.0246913580247
0.136363636363636,0.530932594644506,15.4320987654321
0.150568181818182,0.514619883040936,24.4776828110161
0.139204545454545,0.481378885811019,17.355175688509
0.147727272727273,0.477377654662973,23.9791073124406
0.144886363636364,0.499846106494306,22.4216524216524
0.144886363636364,0.477069867651585,18.8746438746439
0.144886363636364,0.497076023391813,20.7509157509158
0.144886363636364,0.523853493382579,22.7825261158595
0.144886363636364,0.484148968913512,24.1168091168091
0.147727272727273,0.50076946752847,23.7946004612671
0.144886363636364,0.502923976608187,24.1405508072175
0.142045454545455,0.508156355801785,19.5489078822412
0.139204545454545,0.546937519236688,20.7739791073124
0.144886363636364,0.501385041551247,21.2820512820513
0.144886363636364,0.471837488457987,22.7730294396961
0.144886363636364,0.509695290858726,22.4548907882241
0.127840909090909,0.587873191751308,17.283950617284
0.139204545454545,0.532471529701447,17.8205128205128
0.144886363636364,0.496152662357648,20.2523402523403
0.147727272727273,0.509079716835949,23.3333333333333
0.142045454545455,0.498614958448753,19.0740740740741
0.142045454545455,0.519852262234534,22.4270790937458
0.150568181818182,0.46814404432133,24.4112060778727
0.139204545454545,0.510310864881502,20.1566951566952
0.144886363636364,0.485687903970452,23.635870302537
0.142045454545455,0.488457987072945,19.5963912630579
0.144886363636364,0.507848568790397,22.8157644824312
0.144886363636364,0.506001846722068,20.7454890788224
0.147727272727273,0.509387503847338,23.0721747388414
0.142045454545455,0.509695290858726,22.3361823361823
0.142045454545455,0.49092028316405,20.5270655270655
0.139204545454545,0.503539550630963,17.8300094966762
0.150568181818182,0.483225607879347,25.352733686067
0.147727272727273,0.511849799938442,24.3589743589744
0.153409090909091,0.441058787319175,23.0294396961064
0.144886363636364,0.513696522006771,22.4074074074074
0.144886363636364,0.519236688211757,22.2039072039072
0.136363636363636,0.509695290858726,18.8983855650522
0.139204545454545,0.517697753154817,17.8727445394112
0.147727272727273,0.487226839027393,23.1908831908832
0.136363636363636,0.534318251769775,18.0769230769231
0.139204545454545,0.526008002462296,19.7673314339981
0.15625,0.464142813173284,29.1575091575092
0.147727272727273,0.483841181902124,23.8556505223172
0.139204545454545,0.545706371191136,21.5859449192782
0.139204545454545,0.496768236380425,19.4349477682811
0.142045454545455,0.493690366266544,19.5061728395062
0.142045454545455,0.466912896275777,18.2573599240266
0.147727272727273,0.496460449369036,20.9164292497626
0.150568181818182,0.461988304093567,23.670465337132
0.139204545454545,0.530932594644506,19.9050332383666
0.144886363636364,0.483225607879348,17.6400759734093
0.142045454545455,0.510003077870114,22.6115859449193
0.142045454545455,0.518313327177593,21.1775878442545
0.142045454545455,0.50569405971068,21.2962962962963
0.136363636363636,0.534626038781163,18.9363722697056
0.139204545454545,0.558325638658048,20.2943969610636
0.150568181818182,0.46814404432133,22.7302943969611
0.144886363636364,0.502308402585411,24.8154931488265
0.144886363636364,0.504462911665128,22.0655270655271
0.142045454545455,0.542320714065866,19.7768281101614
0.136363636363636,0.517082179132041,17.4596391263058
0.144886363636364,0.501077254539858,22.0750237416904
0.142045454545455,0.507232994767621,19.6296296296296
0.136363636363636,0.524776854416744,16.9088319088319
0.147727272727273,0.490304709141274,24.1778591778592
0.147727272727273,0.507232994767621,24.2979242979243
0.144886363636364,0.517697753154817,22.0797720797721
0.142045454545455,0.491843644198215,18.0246913580247
0.142045454545455,0.522314558325639,22.991452991453
0.139204545454545,0.502923976608187,19.9525166191833
0.142045454545455,0.492151431209603,21.2440645773979
0.136363636363636,0.53678054786088,19.667616334283
0.136363636363636,0.550015389350569,21.9088319088319
0.136363636363636,0.541397353031702,17.4169040835707
0.147727272727273,0.491228070175439,26.4699498032831
0.133522727272727,0.54170514004309,17.4738841405508
0.136363636363636,0.538319482917821,18.4425451092118
0.142045454545455,0.530624807633118,22.5356125356125
0.147727272727273,0.471529701446599,23.8034188034188
0.142045454545455,0.50076946752847,22.8490028490029
0.142045454545455,0.503231763619575,21.7948717948718
0.139204545454545,0.509695290858726,17.6210826210826
0.150568181818182,0.480763311788242,25.5799755799756
0.144886363636364,0.528162511542013,19.335232668566
0.136363636363636,0.546014158202524,19.6296296296296
0.144886363636364,0.491535857186827,22.4358974358974
0.139204545454545,0.555863342566943,18.5090218423552
0.133522727272727,0.521391197291474,15.7549857549858
0.144886363636364,0.520775623268698,17.5213675213675
0.150568181818182,0.476454293628809,20.8689458689459
0.139204545454545,0.516158818097876,18.5707502374169
0.147727272727273,0.505078485687904,21.0208926875594
0.142045454545455,0.508771929824561,20.4083570750237
0.153409090909091,0.477685441674361,25.4524487857821
0.142045454545455,0.509695290858726,20.0047483380817
0.147727272727273,0.466605109264389,22.0750237416904
0.147727272727273,0.504462911665128,23.5931352598019
0.142045454545455,0.528778085564789,24.2877492877493
0.139204545454545,0.537396121883656,21.0480260480261
0.136363636363636,0.505386272699292,17.1367521367521
0.142045454545455,0.487534626038781,18.613485280152
0.142045454545455,0.490612496152662,19.5251661918329
0.133522727272727,0.543244075100031,15.6742640075973
0.136363636363636,0.549092028316405,19.5394112060779
0.147727272727273,0.509695290858726,24.9240265906933
0.147727272727273,0.51061865189289,23.4235517568851
0.153409090909091,0.465681748230225,24.3399810066477
0.144886363636364,0.52046783625731,21.3342830009497
0.136363636363636,0.516158818097876,17.948717948718
0.147727272727273,0.498307171437365,23.3129833129833
0.147727272727273,0.485687903970452,22.2412155745489
0.150568181818182,0.477377654662973,23.4235517568851
0.144886363636364,0.50076946752847,20.1139601139601
0.147727272727273,0.470606340412434,21.7887667887668
0.15625,0.462911665127731,27.2174738841406
0.144886363636364,0.479224376731302,23.1623931623932
0.150568181818182,0.495537088334872,25.7393840727174
0.139204545454545,0.532471529701447,18.6134852801519
0.142045454545455,0.514004309018159,21.1206077872745
0.142045454545455,0.545706371191136,20.7597340930674
0.144886363636364,0.491228070175438,22.3599240265907
0.153409090909091,0.479224376731302,26.4441731108398
0.144886363636364,0.50907971683595,21.5622032288699
0.142045454545455,0.502308402585411,20.6172839506173
0.142045454545455,0.503231763619575,20.693257359924
0.150568181818182,0.522006771314251,24.7320580653914
0.144886363636364,0.53031702062173,22.9867046533713
0.136363636363636,0.514619883040936,16.4862298195631
0.144886363636364,0.469990766389658,22.9202279202279
0.130681818181818,0.561711295783318,18.2858499525166
0.142045454545455,0.496460449369037,19.9097815764482
0.139204545454545,0.528778085564789,22.2934472934473
0.153409090909091,0.481994459833795,25.5521638854972
0.142045454545455,0.502616189596799,17.8964862298196
0.150568181818182,0.479839950754078,22.673314339981
0.142045454545455,0.501692828562635,18.1006647673314
0.147727272727273,0.509079716835949,23.8427621760955
0.147727272727273,0.494921514312096,26.1443494776828
0.136363636363636,0.558941212680825,17.9344729344729
0.144886363636364,0.502616189596799,22.3504273504273
0.144886363636364,0.509695290858726,21.0493827160494
0.139204545454545,0.53678054786088,20.4985754985755
0.142045454545455,0.50907971683595,19.6771130104463
0.144886363636364,0.533087103724223,24.2212725546059
0.139204545454545,0.543244075100031,19.1595441595442
0.144886363636364,0.485687903970452,22.1320037986705
0.15625,0.502923976608187,28.5151268484602
0.150568181818182,0.523545706371191,25.8594491927825
0.139204545454545,0.53678054786088,18.1956315289649
0.144886363636364,0.49584487534626,20.3561253561254
0.147727272727273,0.484764542936288,22.4691358024691
0.139204545454545,0.542936288088642,19.5821462488129
0.147727272727273,0.502000615574023,25.0379867046534
0.139204545454545,0.515851031086488,21.4862298195632
0.142045454545455,0.521083410280086,22.2079772079772
0.144886363636364,0.496460449369037,22.2459639126306
0.139204545454545,0.512773160972607,19.8195631528965
0.147727272727273,0.498614958448753,22.0940170940171
0.150568181818182,0.465066174207448,22.8964862298196
0.144886363636364,0.491535857186827,22.9487179487179
0.139204545454545,0.513388734995383,18.1149097815765
0.144886363636364,0.546321945213912,21.9183285849953
0.144886363636364,0.502000615574023,21.2060778727445
0.139204545454545,0.539242843951985,19.9477682811016
0.144886363636364,0.497999384425977,21.1823361823362
0.144886363636364,0.516774392120653,20.7834757834758
0.147727272727273,0.501077254539858,22.1889838556505
0.139204545454545,0.503231763619575,20.3703703703704
0.142045454545455,0.513388734995383,20.9401709401709
0.153409090909091,0.489996922129886,28.5375118708452
0.142045454545455,0.485380116959064,18.9696106362773
0.139204545454545,0.535549399815327,20.1187084520418
0.142045454545455,0.49430594028932,19.2117758784425
0.139204545454545,0.524469067405355,19.9192782526116
0.153409090909091,0.466912896275777,25.2123185456519
0.142045454545455,0.518313327177593,20.7264957264957
0.144886363636364,0.521083410280086,24.97150997151
0.136363636363636,0.526315789473684,19.8385565052232
0.144886363636364,0.489689135118498,21.3342830009497
0.147727272727273,0.486303477993229,22.9867046533713
0.144886363636364,0.51061865189289,23.9981006647673
0.142045454545455,0.487226839027393,17.6115859449193
0.147727272727273,0.498307171437365,21.0541310541311
0.150568181818182,0.486611265004617,25.2333469000136
0.139204545454545,0.507540781779009,21.4482431149098
0.142045454545455,0.522622345337027,23.974358974359
0.150568181818182,0.43859649122807,23.3950617283951
0.136363636363636,0.511234225915666,18.5707502374169
0.144886363636364,0.481378885811019,19.335232668566
0.136363636363636,0.500153893505694,17.5071225071225
0.144886363636364,0.495229301323484,21.8376068376068
0.144886363636364,0.53678054786088,21.8423551756885
0.139204545454545,0.542320714065866,21.4292497625831
0.144886363636364,0.493074792243767,21.372269705603
0.144886363636364,0.517697753154817,24.710351377018
0.147727272727273,0.476762080640197,24.6927146927147
0.142045454545455,0.510310864881502,21.2915479582146
0.139204545454545,0.502000615574023,19.8575498575499
0.144886363636364,0.479839950754078,18.4045584045584
0.147727272727273,0.492459218220991,22.8632478632479
0.153409090909091,0.477993228685749,23.7179487179487
0.139204545454545,0.502923976608187,19.8955365622032
0.142045454545455,0.504462911665128,22.6258309591643
0.144886363636364,0.499538319482918,20.4178537511871
0.139204545454545,0.53031702062173,22.3884140550807
0.144886363636364,0.514004309018159,22.8300094966762
0.136363636363636,0.539550630963373,18.1481481481481
0.142045454545455,0.521698984302862,22.6007326007326
0.153409090909091,0.446906740535549,22.1889838556505
0.144886363636364,0.501385041551246,22.5641025641026
0.142045454545455,0.511234225915666,22.0560303893637
0.139204545454545,0.538935056940597,20.4178537511871
0.136363636363636,0.513080947983995,18.5232668566002
0.147727272727273,0.486919052016005,22.2934472934473
0.150568181818182,0.466297322253001,23.6894586894587
0.144886363636364,0.493074792243767,22.640754307421
0.133522727272727,0.531240381655894,17.3789173789174
0.150568181818182,0.471837488457987,24.0917107583774
0.147727272727273,0.49430594028932,24.4729344729345
0.144886363636364,0.476146506617421,20.289648622982
0.142045454545455,0.556786703601108,20.5792972459639
0.150568181818182,0.480147737765466,26.7487450820784
0.150568181818182,0.452446906740535,20.8926875593542
0.142045454545455,0.513696522006771,19.9240265906933
0.147727272727273,0.479224376731302,21.2725546058879
0.150568181818182,0.45983379501385,22.5403608736942
0.139204545454545,0.52200677131425,20.9449192782526
0.142045454545455,0.52046783625731,19.5014245014245
0.150568181818182,0.497383810403201,24.1690408357075
0.147727272727273,0.481994459833795,22.2317188983856
0.139204545454545,0.514312096029547,20.3418803418803
0.136363636363636,0.523853493382579,20.2849002849003
0.144886363636364,0.504770698676516,22.6970560303894
0.133522727272727,0.547245306248076,16.6666666666667
0.142045454545455,0.482302246845183,19.9810066476733
0.150568181818182,0.487226839027393,24.1534391534391
0.15625,0.459526008002462,26.9244335911003
0.142045454545455,0.478301015697138,20.8594491927825
0.153409090909091,0.452139119729147,25.2374169040836
0.139204545454545,0.537703908895044,18.9316239316239
0.142045454545455,0.539242843951985,19.3874643874644
0.139204545454545,0.532471529701447,21.3912630579297
0.150568181818182,0.501385041551246,27.0275403608737
0.136363636363636,0.550938750384734,17.701804368471
0.127840909090909,0.543551862111419,14.2402659069326
0.147727272727273,0.520160049245922,25.2089268755935
0.153409090909091,0.445983379501385,21.633428300095
0.147727272727273,0.455832563865805,23.38081671415
0.150568181818182,0.466297322253001,21.7188983855651
